Voltage (V),Current (A),Capacity (mAh),T1(C)
-69.9943,0.0,25.0,4.3376
-69.9924,19.4,25.0,4.1759
-69.9976,38.9,24.9,4.1654
-69.9975,58.3,25.0,4.1568
-69.9977,77.8,24.9,4.149
-69.9979,97.2,25.0,4.1422
-69.9988,116.7,24.9,4.1359
-69.9977,136.1,25.0,4.1302
-69.9987,155.6,24.9,4.125
-69.9984,175.0,25.1,4.1202
-69.9979,194.4,25.1,4.1155
-69.9976,213.9,25.0,4.1113
-69.9983,233.3,25.1,4.1074
-69.9944,252.8,25.0,4.1036
-69.9957,272.2,25.1,4.1
-69.9986,291.7,25.1,4.0967
-69.9978,311.1,25.1,4.0935
-69.9982,330.5,25.1,4.0905
-69.9981,350.0,25.1,4.0876
-69.9974,369.4,25.2,4.0848
-69.997,388.9,25.1,4.0822
-69.9978,408.3,25.2,4.0797
-69.9979,427.8,25.3,4.0772
-69.9971,447.2,25.2,4.0749
-69.9966,466.7,25.3,4.0727
-69.9977,486.1,25.2,4.0705
-69.9982,505.5,25.4,4.0684
-69.9953,525.0,25.3,4.0664
-69.9943,544.4,25.4,4.0644
-70.0,563.9,25.3,4.0626
-69.9966,583.3,25.5,4.0607
-69.9987,602.8,25.4,4.059
-69.9988,622.2,25.4,4.0572
-69.9986,641.6,25.5,4.0555
-69.9974,661.1,25.5,4.0538
-69.997,680.5,25.6,4.0522
-69.9966,700.0,25.6,4.0506
-69.9974,719.4,25.6,4.0491
-69.9974,738.9,25.7,4.0475
-69.9975,758.3,25.6,4.046
-69.9973,777.8,25.7,4.0445
-69.9964,797.2,25.6,4.0431
-69.9974,816.6,25.8,4.0417
-69.9974,836.1,25.8,4.0402
-69.9971,855.5,25.7,4.0388
-69.9966,875.0,25.9,4.0375
-69.9961,894.4,25.8,4.0361
-69.9981,913.9,25.9,4.0347
-69.9964,933.3,25.9,4.0335
-69.9977,952.7,26.0,4.0321
-69.9963,972.2,25.9,4.0308
-69.9955,991.6,26.0,4.0295
-69.9979,1011.1,26.0,4.0282
-69.9995,1030.5,26.0,4.0269
-69.9955,1050.0,26.1,4.0257
-69.998,1069.4,26.2,4.0244
-69.9978,1088.9,26.1,4.0232
-69.9971,1108.3,26.2,4.0219
-69.9973,1127.7,26.2,4.0207
-69.9972,1147.2,26.3,4.0194
-69.9981,1166.6,26.2,4.0182
-69.9969,1186.1,26.3,4.017
-69.9969,1205.5,26.3,4.0158
-69.9964,1225.0,26.4,4.0146
-69.9966,1244.4,26.4,4.0133
-69.9973,1263.8,26.4,4.0121
-69.9979,1283.3,26.4,4.0109
-69.9968,1302.7,26.5,4.0097
-69.9975,1322.2,26.5,4.0086
-69.9974,1341.6,26.6,4.0073
-69.9972,1361.1,26.5,4.0061
-69.9975,1380.5,26.7,4.0049
-69.997,1400.0,26.5,4.0038
-69.9974,1419.4,26.7,4.0025
-69.9985,1438.8,26.6,4.0014
-69.9984,1458.3,26.8,4.0002
-69.9979,1477.7,26.8,3.999
-69.9992,1497.2,26.7,3.9978
-69.9976,1516.6,26.8,3.9966
-69.9961,1536.1,26.8,3.9954
-69.9996,1555.5,26.9,3.9942
-69.9953,1574.9,26.9,3.993
-69.9967,1594.4,26.9,3.9919
-69.9972,1613.8,27.0,3.9907
-69.9999,1633.3,26.9,3.9894
-69.9969,1652.7,27.1,3.9883
-69.9979,1672.2,27.0,3.9871
-69.9967,1691.6,27.0,3.9859
-69.9979,1711.1,27.2,3.9847
-69.9968,1730.5,27.1,3.9835
-69.9966,1749.9,27.2,3.9823
-69.9988,1769.4,27.1,3.9811
-69.9977,1788.8,27.3,3.9799
-69.9981,1808.3,27.2,3.9787
-69.9973,1827.7,27.3,3.9775
-69.998,1847.2,27.3,3.9763
-69.9979,1866.6,27.3,3.9751
-69.9972,1886.0,27.4,3.9739
-69.9973,1905.5,27.4,3.9727
-69.9984,1924.9,27.4,3.9715
-69.9968,1944.4,27.5,3.9703
-69.9979,1963.8,27.4,3.9691
-69.9978,1983.3,27.6,3.9679
-69.9973,2002.7,27.5,3.9667
-69.9976,2022.2,27.7,3.9655
-69.9976,2041.6,27.6,3.9643
-69.9979,2061.0,27.7,3.9631
-69.9992,2080.5,27.6,3.9618
-69.9972,2099.9,27.8,3.9607
-69.9968,2119.4,27.8,3.9595
-69.9972,2138.8,27.8,3.9582
-69.9979,2158.3,27.8,3.957
-69.9967,2177.7,27.9,3.9558
-70.0005,2197.1,27.8,3.9546
-69.9976,2216.6,27.9,3.9533
-70.0003,2236.0,27.8,3.9521
-69.9975,2255.5,28.0,3.9509
-69.9975,2274.9,27.9,3.9497
-69.9959,2294.4,28.1,3.9485
-69.9984,2313.8,27.9,3.9472
-69.998,2333.3,28.0,3.946
-69.9969,2352.7,28.2,3.9448
-69.9969,2372.1,28.1,3.9435
-69.9961,2391.6,28.2,3.9423
-69.9973,2411.0,28.1,3.9411
-69.9976,2430.5,28.2,3.9399
-69.9971,2449.9,28.2,3.9386
-69.9971,2469.4,28.3,3.9374
-69.9968,2488.8,28.3,3.9362
-69.9974,2508.2,28.3,3.9349
-69.9985,2527.7,28.4,3.9337
-69.9976,2547.1,28.4,3.9325
-69.9977,2566.6,28.4,3.9312
-69.9972,2586.0,28.5,3.93
-69.9973,2605.5,28.4,3.9288
-69.9971,2624.9,28.5,3.9275
-69.9971,2644.4,28.4,3.9263
-69.9972,2663.8,28.6,3.9251
-69.9978,2683.2,28.5,3.9238
-69.997,2702.7,28.7,3.9226
-69.9971,2722.1,28.6,3.9213
-69.9975,2741.6,28.7,3.9201
-69.9969,2761.0,28.7,3.9189
-69.9972,2780.5,28.7,3.9176
-69.995,2799.9,28.8,3.9164
-69.9998,2819.3,28.8,3.9151
-69.9976,2838.8,28.8,3.9138
-70.0004,2858.2,28.9,3.9127
-69.999,2877.7,28.8,3.9114
-70.0009,2897.1,28.9,3.9102
-69.997,2916.6,28.9,3.909
-69.9976,2936.0,29.0,3.9078
-69.9975,2955.4,28.9,3.9065
-69.9953,2974.9,29.0,3.9053
-69.9969,2994.3,29.1,3.9041
-69.9976,3013.8,29.0,3.9029
-69.9972,3033.2,29.1,3.9017
-69.9963,3052.7,29.0,3.9005
-69.9965,3072.1,29.2,3.8993
-69.997,3091.6,29.1,3.8981
-69.9974,3111.0,29.3,3.8969
-69.9963,3130.4,29.2,3.8957
-69.9964,3149.9,29.3,3.8945
-69.998,3169.3,29.2,3.8933
-69.997,3188.8,29.2,3.8921
-69.9957,3208.2,29.4,3.8909
-69.9968,3227.7,29.3,3.8896
-69.9968,3247.1,29.5,3.8884
-69.9974,3266.5,29.3,3.8873
-69.9966,3286.0,29.5,3.886
-69.9986,3305.4,29.4,3.8848
-69.997,3324.9,29.6,3.8836
-69.9989,3344.3,29.4,3.8824
-69.9966,3363.8,29.6,3.8812
-69.9967,3383.2,29.5,3.88
-69.9972,3402.7,29.5,3.8788
-69.9994,3422.1,29.6,3.8775
-69.995,3441.5,29.6,3.8763
-69.9953,3461.0,29.7,3.8751
-69.9987,3480.4,29.7,3.8739
-69.9975,3499.9,29.7,3.8727
-69.9969,3519.3,29.8,3.8714
-69.996,3538.8,29.7,3.8702
-69.997,3558.2,29.8,3.869
-69.9962,3577.6,29.7,3.8678
-69.9967,3597.1,29.9,3.8666
-69.9968,3616.5,29.9,3.8653
-69.9969,3636.0,29.8,3.8641
-69.9958,3655.4,30.0,3.8629
-69.9971,3674.9,29.9,3.8616
-69.9975,3694.3,30.0,3.8604
-69.9972,3713.8,29.9,3.8592
-69.9971,3733.2,30.0,3.8579
-69.9957,3752.6,30.0,3.8566
-69.9957,3772.1,30.1,3.8554
-69.9984,3791.5,30.0,3.8542
-69.9959,3811.0,30.1,3.8529
-69.9974,3830.4,30.1,3.8517
-69.9973,3849.9,30.1,3.8504
-69.9972,3869.3,30.2,3.8492
-69.9969,3888.7,30.1,3.8479
-69.9991,3908.2,30.2,3.8466
-69.997,3927.6,30.2,3.8454
-69.9979,3947.1,30.3,3.8441
-69.996,3966.5,30.2,3.8428
-69.9982,3986.0,30.4,3.8415
-69.9977,4005.4,30.3,3.8403
-69.997,4024.9,30.4,3.839
-69.9937,4044.3,30.4,3.8377
-69.9961,4063.7,30.3,3.8364
-69.9979,4083.2,30.5,3.8352
-69.9963,4102.6,30.4,3.8339
-69.998,4122.1,30.5,3.8326
-69.996,4141.5,30.4,3.8313
-69.9961,4161.0,30.5,3.8301
-69.9969,4180.4,30.4,3.8288
-69.9971,4199.8,30.6,3.8275
-69.9966,4219.3,30.4,3.8263
-69.998,4238.7,30.6,3.8251
-69.9968,4258.2,30.6,3.8238
-69.997,4277.6,30.5,3.8226
-69.9985,4297.1,30.6,3.8214
-69.9958,4316.5,30.6,3.8201
-69.9975,4335.9,30.6,3.8189
-69.9966,4355.4,30.6,3.8177
-69.9978,4374.8,30.6,3.8165
-69.9993,4394.3,30.7,3.8153
-69.995,4413.7,30.7,3.814
-69.998,4433.2,30.8,3.8128
-69.9988,4452.6,30.7,3.8116
-69.9961,4472.1,30.7,3.8104
-69.9973,4491.5,30.8,3.8092
-69.9977,4510.9,30.7,3.808
-69.9969,4530.4,30.9,3.8069
-69.9967,4549.8,30.8,3.8057
-69.9965,4569.3,30.9,3.8045
-69.9964,4588.7,30.8,3.8034
-69.996,4608.2,30.9,3.8022
-69.997,4627.6,30.8,3.801
-69.9966,4647.0,31.0,3.7999
-70.0013,4666.5,30.9,3.7987
-69.9993,4685.9,30.9,3.7976
-69.9942,4705.4,31.0,3.7965
-69.9989,4724.8,31.0,3.7954
-69.9971,4744.3,31.0,3.7942
-69.9972,4763.7,31.0,3.7931
-69.997,4783.2,31.0,3.7919
-69.9968,4802.6,31.1,3.7908
-69.9975,4822.0,31.0,3.7897
-69.9963,4841.5,31.1,3.7886
-69.9956,4860.9,31.0,3.7875
-69.9973,4880.4,31.2,3.7864
-69.9978,4899.8,31.2,3.7853
-69.997,4919.3,31.0,3.7842
-69.997,4938.7,31.2,3.7831
-69.997,4958.1,31.1,3.782
-69.9965,4977.6,31.2,3.7809
-69.9958,4997.0,31.1,3.7798
-69.9984,5016.5,31.3,3.7788
-69.9983,5035.9,31.1,3.7777
-69.9974,5055.4,31.3,3.7766
-69.9953,5074.8,31.2,3.7756
-69.9979,5094.2,31.3,3.7745
-69.9975,5113.7,31.3,3.7735
-69.9971,5133.1,31.2,3.7724
-69.9979,5152.6,31.3,3.7713
-69.9973,5172.0,31.2,3.7703
-69.9958,5191.5,31.4,3.7692
-69.9977,5210.9,31.2,3.7682
-69.9967,5230.4,31.4,3.7671
-69.9969,5249.8,31.2,3.7661
-69.9968,5269.2,31.4,3.7651
-69.998,5288.7,31.3,3.7641
-69.9985,5308.1,31.4,3.7631
-69.998,5327.6,31.4,3.7621
-69.9964,5347.0,31.3,3.761
-69.9959,5366.5,31.4,3.76
-69.9971,5385.9,31.3,3.759
-69.998,5405.3,31.4,3.758
-69.9933,5424.8,31.4,3.757
-69.9977,5444.2,31.4,3.756
-70.0009,5463.7,31.5,3.755
-69.9965,5483.1,31.4,3.754
-69.9953,5502.6,31.5,3.753
-69.9961,5522.0,31.5,3.7521
-69.9965,5541.5,31.5,3.7511
-69.9971,5560.9,31.6,3.7501
-69.997,5580.3,31.5,3.7491
-69.9986,5599.8,31.6,3.7481
-69.9959,5619.2,31.5,3.7472
-69.9968,5638.7,31.6,3.7463
-69.9963,5658.1,31.6,3.7453
-69.9965,5677.6,31.6,3.7443
-69.9981,5697.0,31.6,3.7434
-69.9977,5716.4,31.6,3.7424
-69.9967,5735.9,31.6,3.7415
-69.996,5755.3,31.7,3.7405
-69.9968,5774.8,31.7,3.7396
-69.9963,5794.2,31.7,3.7387
-69.9965,5813.7,31.7,3.7377
-69.9972,5833.1,31.7,3.7368
-69.9966,5852.5,31.7,3.7359
-69.997,5872.0,31.8,3.7349
-69.9966,5891.4,31.7,3.734
-69.997,5910.9,31.8,3.7331
-69.9966,5930.3,31.7,3.7321
-69.9973,5949.8,31.8,3.7312
-69.9961,5969.2,31.8,3.7303
-69.9968,5988.7,31.7,3.7294
-69.9966,6008.1,31.9,3.7285
-69.9975,6027.5,31.7,3.7276
-69.9984,6047.0,31.9,3.7267
-69.9973,6066.4,31.7,3.7258
-69.9981,6085.9,31.9,3.7249
-69.9966,6105.3,31.7,3.724
-69.9971,6124.8,31.9,3.7231
-69.9979,6144.2,31.8,3.7223
-69.9976,6163.6,31.9,3.7214
-69.9989,6183.1,31.8,3.7205
-69.9916,6202.5,31.8,3.7196
-69.9997,6222.0,31.9,3.7187
-69.9972,6241.4,31.9,3.7178
-69.9971,6260.9,31.9,3.717
-69.9975,6280.3,31.9,3.7161
-69.9949,6299.8,31.9,3.7153
-69.9975,6319.2,32.0,3.7144
-69.9985,6338.6,31.9,3.7135
-69.9969,6358.1,32.0,3.7127
-69.9976,6377.5,32.0,3.7118
-69.9961,6397.0,32.0,3.7109
-69.9957,6416.4,32.0,3.7101
-69.9972,6435.9,32.0,3.7093
-69.996,6455.3,32.0,3.7084
-69.9969,6474.7,32.1,3.7076
-69.9961,6494.2,32.0,3.7068
-69.9972,6513.6,32.1,3.7059
-69.9967,6533.1,32.0,3.7051
-69.9974,6552.5,32.2,3.7043
-69.997,6572.0,32.0,3.7034
-69.9971,6591.4,32.2,3.7026
-69.9969,6610.9,32.2,3.7018
-69.9976,6630.3,32.1,3.701
-69.9967,6649.7,32.2,3.7001
-69.9983,6669.2,32.1,3.6993
-69.997,6688.6,32.2,3.6985
-69.9976,6708.1,32.1,3.6977
-69.9974,6727.5,32.2,3.6969
-69.998,6747.0,32.2,3.6961
-69.9975,6766.4,32.1,3.6953
-69.9975,6785.8,32.2,3.6945
-69.9972,6805.3,32.1,3.6937
-69.9968,6824.7,32.1,3.6929
-69.9982,6844.2,32.3,3.6921
-69.9966,6863.6,32.2,3.6914
-69.9979,6883.1,32.3,3.6906
-69.9986,6902.5,32.2,3.6898
-69.9989,6921.9,32.4,3.689
-69.9989,6941.4,32.3,3.6883
-69.9989,6960.8,32.4,3.6875
-69.9978,6980.3,32.3,3.6868
-69.9984,6999.7,32.4,3.686
-69.9981,7019.2,32.3,3.6852
-69.9968,7038.6,32.4,3.6844
-69.9977,7058.1,32.3,3.6837
-69.9987,7077.5,32.4,3.683
-69.998,7096.9,32.3,3.6822
-70.0018,7116.4,32.5,3.6815
-70.0024,7135.8,32.4,3.6807
-69.9923,7155.3,32.6,3.68
-69.9974,7174.7,32.4,3.6793
-69.9992,7194.2,32.6,3.6785
-69.9966,7213.6,32.4,3.6778
-69.9954,7233.0,32.6,3.677
-69.997,7252.5,32.6,3.6763
-69.9976,7271.9,32.5,3.6756
-69.9967,7291.4,32.6,3.6748
-69.9971,7310.8,32.6,3.6741
-69.9956,7330.3,32.6,3.6734
-69.9974,7349.7,32.6,3.6727
-69.9972,7369.2,32.6,3.672
-69.9953,7388.6,32.6,3.6713
-69.997,7408.0,32.7,3.6706
-69.9968,7427.5,32.6,3.6699
-69.9966,7446.9,32.7,3.6692
-69.9963,7466.4,32.7,3.6685
-69.9958,7485.8,32.7,3.6678
-69.9966,7505.3,32.7,3.6671
-69.997,7524.7,32.8,3.6664
-69.9984,7544.1,32.7,3.6657
-69.997,7563.6,32.8,3.665
-69.9973,7583.0,32.7,3.6644
-69.9964,7602.5,32.8,3.6637
-69.9971,7621.9,32.7,3.663
-69.9974,7641.4,32.9,3.6623
-69.9963,7660.8,32.7,3.6617
-69.9968,7680.3,32.8,3.661
-69.9966,7699.7,32.9,3.6604
-69.9979,7719.1,32.8,3.6597
-69.9974,7738.6,33.0,3.659
-69.9959,7758.0,32.9,3.6584
-69.997,7777.5,33.0,3.6577
-69.9973,7796.9,32.9,3.6571
-69.9968,7816.4,33.0,3.6564
-69.9981,7835.8,33.0,3.6558
-69.998,7855.2,33.0,3.6551
-69.9972,7874.7,33.1,3.6545
-69.9966,7894.1,33.1,3.6539
-69.9979,7913.6,33.0,3.6532
-69.9979,7933.0,33.1,3.6526
-69.9981,7952.5,33.0,3.652
-69.9978,7971.9,33.1,3.6513
-69.9979,7991.3,33.0,3.6507
-69.9966,8010.8,33.2,3.65
-69.9978,8030.2,33.0,3.6494
-69.9966,8049.7,33.2,3.6488
-69.9973,8069.1,33.1,3.6482
-69.9971,8088.6,33.2,3.6476
-69.9973,8108.0,33.2,3.647
-69.9973,8127.5,33.1,3.6464
-69.9984,8146.9,33.2,3.6458
-69.9971,8166.3,33.2,3.6451
-69.9965,8185.8,33.1,3.6446
-69.9954,8205.2,33.2,3.644
-69.9945,8224.7,33.1,3.6434
-69.9978,8244.1,33.3,3.6428
-69.9999,8263.6,33.2,3.6422
-69.9961,8283.0,33.3,3.6416
-69.9955,8302.4,33.2,3.6411
-70.0003,8321.9,33.2,3.6405
-69.9944,8341.3,33.3,3.6399
-69.9983,8360.8,33.2,3.6393
-69.9956,8380.2,33.3,3.6387
-70.0004,8399.7,33.2,3.6382
-69.9962,8419.1,33.3,3.6376
-69.9973,8438.6,33.3,3.6371
-69.9966,8458.0,33.3,3.6365
-69.9971,8477.4,33.4,3.636
-69.9966,8496.9,33.3,3.6354
-69.9964,8516.3,33.4,3.6348
-69.9983,8535.8,33.4,3.6343
-69.9976,8555.2,33.3,3.6337
-69.9985,8574.7,33.5,3.6332
-69.9972,8594.1,33.4,3.6327
-69.9978,8613.5,33.5,3.6321
-69.9968,8633.0,33.4,3.6316
-69.9975,8652.4,33.6,3.631
-69.9949,8671.9,33.4,3.6305
-69.9971,8691.3,33.6,3.63
-69.9978,8710.8,33.5,3.6295
-69.9965,8730.2,33.6,3.629
-69.9968,8749.6,33.6,3.6284
-69.9965,8769.1,33.6,3.628
-69.997,8788.5,33.6,3.6274
-69.9967,8808.0,33.6,3.6269
-69.9973,8827.4,33.6,3.6265
-69.9961,8846.9,33.7,3.6259
-69.997,8866.3,33.6,3.6255
-69.9981,8885.8,33.7,3.625
-69.9981,8905.2,33.6,3.6245
-69.9961,8924.6,33.7,3.624
-69.9964,8944.1,33.6,3.6235
-69.9975,8963.5,33.6,3.623
-69.9968,8983.0,33.7,3.6226
-69.9975,9002.4,33.6,3.6221
-69.997,9021.9,33.7,3.6217
-69.9963,9041.3,33.6,3.6212
-69.996,9060.7,33.7,3.6207
-69.9973,9080.2,33.7,3.6203
-69.9964,9099.6,33.8,3.6198
-69.996,9119.1,33.8,3.6194
-69.9966,9138.5,33.7,3.6189
-69.9963,9158.0,33.8,3.6185
-69.997,9177.4,33.8,3.618
-69.9959,9196.8,33.7,3.6176
-69.9974,9216.3,33.9,3.6172
-69.9966,9235.7,33.8,3.6168
-69.9965,9255.2,33.9,3.6163
-69.997,9274.6,33.8,3.6159
-69.9969,9294.1,34.0,3.6155
-69.9973,9313.5,33.8,3.615
-69.996,9333.0,34.0,3.6146
-69.995,9352.4,33.9,3.6142
-69.9969,9371.8,34.0,3.6138
-69.9973,9391.3,34.0,3.6134
-69.9962,9410.7,34.0,3.613
-69.998,9430.2,34.1,3.6126
-69.9967,9449.6,34.0,3.6122
-69.9965,9469.1,34.1,3.6118
-69.9964,9488.5,34.1,3.6114
-69.9953,9507.9,34.0,3.611
-69.9947,9527.4,34.2,3.6106
-69.9972,9546.8,34.0,3.6103
-69.9964,9566.3,34.2,3.6099
-69.997,9585.7,34.1,3.6095
-69.9957,9605.2,34.1,3.6091
-69.9965,9624.6,34.2,3.6088
-69.996,9644.0,34.1,3.6084
-69.9952,9663.5,34.2,3.608
-69.9946,9682.9,34.1,3.6077
-69.9967,9702.4,34.3,3.6073
-69.9947,9721.8,34.2,3.6069
-69.9983,9741.3,34.3,3.6065
-69.9964,9760.7,34.2,3.6062
-69.9954,9780.2,34.3,3.6058
-69.999,9799.6,34.2,3.6054
-69.9983,9819.0,34.2,3.605
-69.9974,9838.5,34.4,3.6047
-69.9953,9857.9,34.2,3.6043
-69.9967,9877.4,34.4,3.6039
-69.9945,9896.8,34.3,3.6036
-69.9956,9916.3,34.5,3.6032
-69.9971,9935.7,34.3,3.6029
-69.9935,9955.1,34.5,3.6025
-69.9959,9974.6,34.3,3.6021
-69.9989,9994.0,34.5,3.6018
-69.9944,10013.5,34.3,3.6015
-69.994,10032.9,34.4,3.6011
-69.998,10052.4,34.5,3.6007
-69.9968,10071.8,34.4,3.6004
-69.996,10091.2,34.6,3.6
-69.9955,10110.7,34.5,3.5997
-69.9966,10130.1,34.6,3.5993
-69.9965,10149.6,34.5,3.5989
-69.9954,10169.0,34.6,3.5986
-69.9969,10188.5,34.5,3.5983
-69.996,10207.9,34.6,3.5979
-69.9963,10227.4,34.5,3.5975
-69.9966,10246.8,34.6,3.5971
-69.9949,10266.2,34.7,3.5968
-69.9971,10285.7,34.6,3.5964
-69.9957,10305.1,34.7,3.596
-69.9964,10324.6,34.6,3.5957
-69.9958,10344.0,34.7,3.5953
-69.996,10363.5,34.6,3.5949
-69.9969,10382.9,34.7,3.5946
-69.9972,10402.3,34.6,3.5942
-69.997,10421.8,34.8,3.5938
-69.9972,10441.2,34.7,3.5935
-69.9953,10460.7,34.7,3.5931
-69.9967,10480.1,34.8,3.5927
-69.9974,10499.6,34.7,3.5923
-69.9959,10519.0,34.8,3.592
-69.9964,10538.4,34.7,3.5916
-69.9958,10557.9,34.8,3.5912
-69.9964,10577.3,34.7,3.5909
-69.9971,10596.8,34.8,3.5905
-69.9954,10616.2,34.8,3.5901
-69.997,10635.7,34.9,3.5897
-69.9972,10655.1,34.9,3.5894
-69.9959,10674.6,34.9,3.589
-69.9962,10694.0,34.9,3.5886
-69.9966,10713.4,35.0,3.5882
-69.9961,10732.9,34.9,3.5878
-69.9968,10752.3,35.0,3.5874
-69.9973,10771.8,34.9,3.5871
-69.997,10791.2,35.1,3.5867
-69.9972,10810.7,35.0,3.5863
-69.9981,10830.1,35.1,3.5859
-69.9967,10849.5,35.0,3.5855
-69.9961,10869.0,35.1,3.5851
-69.9973,10888.4,35.1,3.5847
-69.9977,10907.9,35.1,3.5843
-69.997,10927.3,35.1,3.5839
-69.997,10946.8,35.1,3.5835
-69.9964,10966.2,35.1,3.5831
-69.9967,10985.6,35.2,3.5827
-69.995,11005.1,35.1,3.5823
-69.9961,11024.5,35.2,3.5818
-69.9956,11044.0,35.1,3.5814
-69.9974,11063.4,35.3,3.581
-69.9964,11082.9,35.1,3.5806
-69.9964,11102.3,35.2,3.5802
-69.9966,11121.8,35.4,3.5797
-69.9968,11141.2,35.2,3.5793
-69.995,11160.6,35.3,3.5789
-69.996,11180.1,35.3,3.5784
-69.995,11199.5,35.3,3.578
-69.9963,11219.0,35.3,3.5775
-69.9968,11238.4,35.4,3.5771
-69.9958,11257.9,35.4,3.5767
-69.9958,11277.3,35.3,3.5762
-69.9961,11296.7,35.4,3.5757
-69.9966,11316.2,35.5,3.5753
-69.9956,11335.6,35.4,3.5748
-69.9966,11355.1,35.5,3.5743
-69.9955,11374.5,35.4,3.5739
-69.998,11394.0,35.6,3.5734
-69.9958,11413.4,35.4,3.5729
-69.9961,11432.8,35.6,3.5724
-69.9969,11452.3,35.5,3.572
-69.9949,11471.7,35.6,3.5714
-69.9956,11491.2,35.5,3.571
-69.9955,11510.6,35.6,3.5705
-69.9952,11530.1,35.6,3.5699
-69.9976,11549.5,35.6,3.5695
-69.9965,11569.0,35.6,3.569
-69.9965,11588.4,35.7,3.5685
-69.9967,11607.8,35.6,3.5679
-69.9973,11627.3,35.8,3.5674
-69.9951,11646.7,35.6,3.5669
-69.9956,11666.2,35.8,3.5664
-69.9971,11685.6,35.6,3.5658
-69.9967,11705.1,35.8,3.5653
-70.0012,11724.5,35.7,3.5648
-70.0001,11743.9,35.7,3.5642
-70.0003,11763.4,35.8,3.5637
-69.996,11782.8,35.7,3.5631
-69.9939,11802.3,35.8,3.5626
-69.9959,11821.7,35.8,3.562
-69.9944,11841.2,35.8,3.5614
-69.9997,11860.6,35.9,3.5609
-69.994,11880.0,35.8,3.5603
-69.9974,11899.5,35.9,3.5597
-69.9965,11918.9,35.8,3.5591
-69.9964,11938.4,35.9,3.5585
-69.9968,11957.8,36.0,3.5579
-69.9936,11977.3,35.8,3.5573
-69.9972,11996.7,36.0,3.5567
-69.9947,12016.1,35.8,3.5561
-69.9961,12035.6,36.0,3.5555
-69.9961,12055.0,35.9,3.5548
-69.9967,12074.5,36.0,3.5542
-69.9971,12093.9,35.9,3.5535
-69.9961,12113.4,36.0,3.5529
-69.9974,12132.8,35.9,3.5522
-69.9978,12152.3,36.0,3.5516
-69.9971,12171.7,36.0,3.5509
-69.9967,12191.1,36.1,3.5503
-69.9968,12210.6,36.0,3.5496
-69.9981,12230.0,36.2,3.5489
-69.9955,12249.5,36.0,3.5482
-69.9959,12268.9,36.2,3.5475
-69.9969,12288.4,36.1,3.5468
-69.9969,12307.8,36.2,3.5461
-69.9963,12327.2,36.1,3.5454
-69.9962,12346.7,36.2,3.5447
-69.9955,12366.1,36.1,3.5439
-69.9965,12385.6,36.1,3.5432
-69.9971,12405.0,36.2,3.5425
-69.9964,12424.5,36.2,3.5417
-69.9963,12443.9,36.2,3.5409
-69.996,12463.4,36.3,3.5402
-69.9966,12482.8,36.2,3.5394
-69.9966,12502.2,36.3,3.5386
-69.9956,12521.7,36.3,3.5378
-69.9968,12541.1,36.4,3.5369
-69.9962,12560.6,36.3,3.5362
-69.9962,12580.0,36.5,3.5353
-69.9956,12599.5,36.5,3.5344
-69.9966,12618.9,36.3,3.5336
-69.9968,12638.3,36.5,3.5327
-69.9946,12657.8,36.4,3.5319
-69.9956,12677.2,36.6,3.531
-69.9969,12696.7,36.5,3.5301
-69.9966,12716.1,36.6,3.5292
-69.9969,12735.6,36.5,3.5283
-69.9945,12755.0,36.6,3.5273
-69.996,12774.4,36.7,3.5264
-69.9949,12793.9,36.6,3.5254
-69.9952,12813.3,36.6,3.5244
-69.9961,12832.8,36.7,3.5234
-69.9976,12852.2,36.6,3.5225
-69.9977,12871.7,36.8,3.5215
-69.9968,12891.1,36.7,3.5204
-69.9948,12910.5,36.8,3.5193
-69.9996,12930.0,36.7,3.5183
-69.9947,12949.4,36.9,3.5172
-69.9977,12968.9,36.8,3.5161
-69.997,12988.3,36.9,3.515
-69.9967,13007.8,36.8,3.5138
-69.9956,13027.2,36.9,3.5127
-69.9961,13046.7,37.0,3.5115
-69.9955,13066.1,36.9,3.5103
-69.997,13085.5,36.9,3.509
-69.9963,13105.0,37.0,3.5077
-69.9961,13124.4,36.9,3.5064
-69.9971,13143.9,37.1,3.5051
-69.9964,13163.3,37.0,3.5037
-69.9963,13182.8,37.1,3.5023
-69.9966,13202.2,37.0,3.5008
-69.9965,13221.6,37.2,3.4993
-69.9974,13241.1,37.2,3.4977
-69.9949,13260.5,37.0,3.4961
-69.9962,13280.0,37.2,3.4944
-69.9954,13299.4,37.1,3.4927
-69.9949,13318.9,37.2,3.4909
-69.9962,13338.3,37.1,3.489
-69.9959,13357.7,37.1,3.4871
-69.9961,13377.2,37.1,3.485
-69.9954,13396.6,37.1,3.4829
-69.9975,13416.1,37.2,3.4807
-69.993,13435.5,37.1,3.4783
-69.9956,13455.0,37.1,3.4759
-69.9974,13474.4,37.3,3.4734
-69.996,13493.9,37.2,3.4707
-69.996,13513.3,37.3,3.4679
-69.9949,13532.7,37.2,3.4649
-69.9952,13552.2,37.4,3.4618
-69.9964,13571.6,37.2,3.4585
-69.9956,13591.1,37.4,3.4551
-69.995,13610.5,37.3,3.4515
-69.9966,13630.0,37.4,3.4477
-69.9964,13649.4,37.3,3.4437
-69.996,13668.8,37.4,3.4394
-69.9967,13688.3,37.5,3.435
-69.9971,13707.7,37.4,3.4304
-69.9985,13727.2,37.5,3.4255
-69.9957,13746.6,37.5,3.4203
-69.9954,13766.1,37.5,3.4148
-69.9966,13785.5,37.5,3.4091
-69.9974,13804.9,37.5,3.4031
-69.9975,13824.4,37.6,3.3968
-69.9968,13843.8,37.5,3.3901
-69.9967,13863.3,37.7,3.3831
-69.9967,13882.7,37.7,3.3757
-69.996,13902.2,37.6,3.368
-69.9958,13921.6,37.7,3.3598
-69.9954,13941.0,37.6,3.3511
-69.9958,13960.5,37.7,3.3419
-69.9969,13979.9,37.6,3.3322
-69.998,13999.4,37.8,3.3218
-69.9952,14018.8,37.7,3.3108
-69.9958,14038.3,37.8,3.2992
-69.9971,14057.7,37.7,3.2865
-69.9971,14077.2,37.8,3.2731
-69.9956,14096.6,37.8,3.2586
-69.9958,14116.0,37.8,3.2429
-69.9965,14135.5,37.8,3.2255
-69.9962,14154.9,37.9,3.2067
-69.9963,14174.4,37.8,3.1858
-69.9957,14193.8,38.0,3.1621
-69.9966,14213.3,37.8,3.1356
-69.9955,14232.7,38.0,3.1052
-69.996,14252.1,37.8,3.0694
-69.9982,14271.6,38.0,3.0272
-69.9955,14291.0,37.9,2.9997
